year_month,insei_indobert_raw,insei_indolem_raw,insei_mdeberta_raw,insei_gemini_raw,insei_indobert_norm,insei_indobert_smooth,insei_indobert_lagged,insei_indobert_final,insei_indolem_norm,insei_indolem_smooth,insei_indolem_lagged,insei_indolem_final,insei_mdeberta_norm,insei_mdeberta_smooth,insei_mdeberta_lagged,insei_mdeberta_final,insei_gemini_norm,insei_gemini_smooth,insei_gemini_lagged,insei_gemini_final,insei_indobert_lagged_raw,insei_indolem_lagged_raw,insei_mdeberta_lagged_raw,insei_gemini_lagged_raw,Rate,year_month_str,year_month_dt
2017-07,-0.07891171051219512,0.011875888292682907,-0.05058395870731705,0.04878048780487804,0.0,0.0,0.0,50.0,0.0,0.0,0.0,50.0,0.0,0.0,0.0,50.0,0.0,0.0,0.0,50.0,0.018023882711538486,0.26460788917307687,0.22202304034615386,0.23076923076923075,0.22,2017-07,2017-07-01
2017-08,-0.052705258879999994,0.018443847720000017,-0.05175810838,0.03999999999999998,0.0,0.0,0.0,50.0,0.0,0.0,0.0,50.0,0.0,0.0,0.0,50.0,0.0,0.0,0.0,50.0,0.09898365653703697,0.22911547661851853,0.14289158314814812,0.2962962962962963,-0.07,2017-08,2017-08-01
2017-09,0.044485636250000016,0.11516749195833337,0.09565710125000004,0.25,0.0,0.0,0.0,50.0,0.0,0.0,0.0,50.0,0.0,0.0,0.0,50.0,0.0,0.0,0.0,50.0,-0.07891171051219512,0.011875888292682907,-0.05058395870731705,0.04878048780487804,0.13,2017-09,2017-09-01
2017-10,-0.026432470142857156,0.0434178828857143,0.02615835744897954,0.08163265306122447,-0.4089704748986103,-0.1363234916328701,0.0,50.0,-0.6396964150601183,-0.21323213835337276,0.0,50.0,-0.345578875348756,-0.11519295844958533,0.0,50.0,-0.6712474982618075,-0.22374916608726916,0.0,50.0,-0.052705258879999994,0.018443847720000017,-0.05175810838,0.03999999999999998,0.01,2017-10,2017-10-01
2017-11,-0.12447851693877551,0.05361687459183673,-0.018198729020408172,0.163265306122449,-1.3992802163848332,-0.6027502304278145,0.0,50.0,-0.500887135340915,-0.38019451680034444,0.0,50.0,-0.6725082653214334,-0.33936238022339643,0.0,50.0,0.04421428135214677,-0.20901107230322025,0.0,50.0,0.044485636250000016,0.11516749195833337,0.09565710125000004,0.25,0.2,2017-11,2017-11-01
2017-12,0.04605694993939394,0.12293982487878788,0.10762584945454545,0.18181818181818182,0.7452938448684001,-0.35431894880501447,-0.1363234916328701,48.6367650836713,0.16272294232566478,-0.32595353602512284,-0.21323213835337276,47.86767861646627,0.4887738301087206,-0.17643777018715623,-0.11519295844958533,48.84807041550415,0.21002049046635704,-0.13900424214776788,-0.22374916608726916,47.76250833912731,-0.026432470142857156,0.0434178828857143,0.02615835744897954,0.08163265306122447,0.71,2017-12,2017-12-01
2018-01,0.04229583512857138,0.13468293150000005,0.15993447264285715,0.24285714285714285,0.6408231571164956,-0.004387738133312502,-0.6027502304278145,43.972497695721856,0.27006985381894577,-0.022698113065434827,-0.38019451680034444,46.19805483199656,0.908614739882373,0.24162676822322007,-0.33936238022339643,46.60637619776604,0.7673223543479062,0.34051904205547,-0.20901107230322025,47.909889276967796,-0.12447851693877551,0.05361687459183673,-0.018198729020408172,0.163265306122449,0.62,2018-01,2018-01-01
2018-02,-0.033255641641509376,0.0742413006226415,0.0516676838113207,0.11320754716981132,-0.39084201740842645,0.3317583281921565,-0.35431894880501447,46.456810511949854,-0.38121160030118084,0.017193731947809893,-0.32595353602512284,46.74046463974877,-0.18129369346917612,0.4053649588406392,-0.17643777018715623,48.23562229812844,-0.5700445481999094,0.1357660988714513,-0.13900424214776788,48.60995757852232,0.04605694993939394,0.12293982487878788,0.10762584945454545,0.18181818181818182,0.17,2018-02,2018-02-01
2018-03,0.016936136470588226,0.0676167097941176,0.0933380693382353,0.11764705882352941,0.32856596287280526,0.19284903419362487,-0.004387738133312502,49.956122618666875,-0.43500443938316163,-0.1820487286217989,-0.022698113065434827,49.77301886934565,0.25438173300053474,0.3272342598045772,0.24162676822322007,52.4162676822322,-0.4925975886739402,-0.09843992750864779,0.34051904205547,53.4051904205547,0.04229583512857138,0.13468293150000005,0.15993447264285715,0.24285714285714285,0.2,2018-03,2018-03-01
2018-04,0.12792032842424242,0.35032958773484846,0.21905299237878786,0.3939393939393939,1.6646782601047347,0.5341340685230379,0.3317583281921565,53.317583281921564,2.141413127400861,0.4417323625721728,0.017193731947809893,50.1719373194781,1.4348910886948203,0.5026597094087263,0.4053649588406392,54.053649588406394,1.9999693495200412,0.31244240421539726,0.1357660988714513,51.357660988714514,-0.033255641641509376,0.0742413006226415,0.0516676838113207,0.11320754716981132,0.1,2018-04,2018-04-01
2018-05,0.182630163765,0.337203921155,0.2825006497,0.4,1.9079559729159272,1.3004000652978223,0.19284903419362487,51.92849034193625,1.6792296552538395,1.1285461144238462,-0.1820487286217989,48.17951271378201,1.7326127335933559,1.1406285184295704,0.3272342598045772,53.272342598045775,1.7034446493715203,1.070272136739207,-0.09843992750864779,49.015600724913526,0.016936136470588226,0.0676167097941176,0.0933380693382353,0.11764705882352941,0.21,2018-05,2018-05-01
2018-06,0.007319382223684168,0.06248762146842107,0.08706471656578946,0.09210526315789472,-0.1451125574674054,1.1425072251844188,0.5341340685230379,55.34134068523038,-0.6301640623556422,1.0634929067663528,0.4417323625721728,54.41732362572173,-0.10388150266875235,1.0212074398731412,0.5026597094087263,55.026597094087265,-0.8256202064950066,0.9592645974655184,0.31244240421539726,53.124424042153976,0.12792032842424242,0.35032958773484846,0.21905299237878786,0.3939393939393939,0.59,2018-06,2018-06-01
2018-07,0.1446220431084337,0.2974907510361446,0.260025278,0.39759036144578314,1.3721111480260593,1.044984854491527,1.3004000652978223,63.00400065297822,1.2860196820919723,0.7783617583300565,1.1285461144238462,61.28546114423846,1.4170893176907011,1.0152735162051016,1.1406285184295704,61.406285184295704,1.5456165521796505,0.8078136650187213,1.070272136739207,60.70272136739207,0.182630163765,0.337203921155,0.2825006497,0.4,0.28,2018-07,2018-07-01
2018-08,0.1071380176712329,0.19639418930136984,0.17033114797260274,0.2876712328767123,0.8798586371781426,0.7022857425789321,1.1425072251844188,61.425072251844185,0.4150454635166711,0.3569670277510004,1.0634929067663528,60.63492906766353,0.5549976036504072,0.622735139557452,1.0212074398731412,60.21207439873141,0.6416037185759506,0.45386668808686476,0.9592645974655184,59.592645974655184,0.007319382223684168,0.06248762146842107,0.08706471656578946,0.09210526315789472,-0.05,2018-08,2018-08-01
2018-09,0.04087379620930237,0.19058426467325576,0.1398183967034884,0.29069767441860467,0.09552471516813628,0.7824981667907793,1.044984854491527,60.44984854491527,0.3528012284181707,0.6846221246756047,0.7783617583300565,57.78361758330057,0.2549856594110034,0.7423575269173707,1.0152735162051016,60.152735162051016,0.6387055678634151,0.9419752795396721,0.8078136650187213,58.07813665018721,0.1446220431084337,0.2974907510361446,0.260025278,0.39759036144578314,-0.18,2018-09,2018-09-01
2018-10,0.1665267393733333,0.20481455383999997,0.22196225056,0.2533333333333333,1.4719666010129622,0.8157833177864138,0.7022857425789321,57.02285742578932,0.46436889146945975,0.4107385278014339,0.3569670277510004,53.569670277510006,1.004099670222628,0.6046943110946795,0.622735139557452,56.227351395574516,0.3200904547116074,0.5334665803836577,0.45386668808686476,54.53866688086865,0.1071380176712329,0.19639418930136984,0.17033114797260274,0.2876712328767123,0.28,2018-10,2018-10-01
2018-11,-0.06064918982499998,0.03106212448750001,-0.04844634812499998,0.06250000000000003,-1.1083475139368193,0.15304793408142636,0.7824981667907793,57.82498166790779,-1.063242925235799,-0.08202426844938955,0.6846221246756047,56.846221246756045,-1.5051821731481492,-0.08203228117150596,0.7423575269173707,57.42357526917371,-1.2120944339937827,-0.08443280380625344,0.9419752795396721,59.41975279539672,0.04087379620930237,0.19058426467325576,0.1398183967034884,0.29069767441860467,0.27,2018-11,2018-11-01
2018-12,0.02993059874999998,0.13172641215000003,0.16343465668333337,0.14999999999999997,-0.0586685818784081,0.10165016839924494,0.8157833177864138,58.157833177864134,-0.1419584912792615,-0.24694417501520027,0.4107385278014339,54.10738527801434,0.4787244576450526,-0.007452681760156214,0.6046943110946795,56.0469431109468,-0.46671326935433277,-0.4529057495455027,0.5334665803836577,55.33466580383658,0.1665267393733333,0.20481455383999997,0.22196225056,0.2533333333333333,0.62,2018-12,2018-12-01
2019-01,-0.1577633495932203,-0.06889154068644071,-0.09660448796610172,0.0,-1.9912023077462015,-1.0527394678538096,0.15304793408142636,51.53047934081427,-1.79840766510017,-1.001203027205077,-0.08202426844938955,49.1797573155061,-1.802525062870267,-0.9429942594577878,-0.08203228117150596,49.17967718828494,-1.589296648799213,-1.089368117382443,-0.08443280380625344,49.155671961937465,-0.06064918982499998,0.03106212448750001,-0.04844634812499998,0.06250000000000003,0.32,2019-01,2019-01-01
2019-02,-0.15722456236666665,-0.07438825566166665,-0.10000829468333333,-0.06666666666666668,-1.7815521340577274,-1.2771410078941123,0.10165016839924494,51.01650168399245,-1.6749555386170052,-1.205107231665479,-0.24694417501520027,47.530558249848,-1.6645205252267685,-0.9961070434839941,-0.007452681760156214,49.925473182398434,-1.890913183981617,-1.3156410340450544,-0.4529057495455027,45.47094250454497,0.02993059874999998,0.13172641215000003,0.16343465668333337,0.14999999999999997,-0.08,2019-02,2019-02-01
2019-03,-0.10795384832291671,0.002218739281249993,-0.01272184035416668,0.0625,-1.2078280439558968,-1.6601941619199418,-1.0527394678538096,39.472605321461906,-0.9920788521084445,-1.4884806852752064,-1.001203027205077,39.987969727949235,-0.8813952041429572,-1.4494802640799975,-0.9429942594577878,40.57005740542212,-0.8772570328249716,-1.452488955201934,-1.089368117382443,39.10631882617557,-0.1577633495932203,-0.06889154068644071,-0.09660448796610172,0.0,0.11,2019-03,2019-03-01
2019-04,-0.052214449373134325,-0.005752700462686583,-0.02528643728358207,0.04477611940298509,-0.6275593261111092,-1.2056465013749111,-1.2771410078941123,37.22858992105888,-1.0126129916154973,-1.2265491274469824,-1.205107231665479,37.94892768334521,-0.9494766095872166,-1.165130779652314,-0.9961070434839941,40.03892956516006,-0.9702985812119955,-1.2461562660061947,-1.3156410340450544,36.84358965954946,-0.15722456236666665,-0.07438825566166665,-0.10000829468333333,-0.06666666666666668,0.44,2019-04,2019-04-01
2019-05,0.044947723069444445,0.14436252298611113,0.11368075793055554,0.25,0.35633679436278826,-0.4930168585680726,-1.6601941619199418,33.39805838080058,0.22813854877963827,-0.5921844316481012,-1.4884806852752064,35.115193147247936,0.24188589223942142,-0.5296619738302508,-1.4494802640799975,35.505197359200025,0.5758109493776808,-0.42391488821976214,-1.452488955201934,35.47511044798066,-0.10795384832291671,0.002218739281249993,-0.01272184035416668,0.0625,0.68,2019-05,2019-05-01
2019-06,-0.05925846636231891,-0.008709072927536199,0.01964484913043482,0.11594202898550726,-0.7063900611659168,-0.32587086430474593,-1.2056465013749111,37.94353498625089,-1.0247189678444812,-0.6030644702267801,-1.2265491274469824,37.734508725530176,-0.5693249570227936,-0.42563855812352963,-1.165130779652314,38.34869220347686,-0.44834474160809595,-0.2809441244808036,-1.2461562660061947,37.538437339938056,-0.052214449373134325,-0.005752700462686583,-0.02528643728358207,0.04477611940298509,0.55,2019-06,2019-06-01
2019-07,-0.06197097404819274,-0.019566120536144593,-0.03122510056626504,0.048192771084337366,-0.71428669002029,-0.3547799856078062,-0.4930168585680726,45.069831414319275,-1.0709897217654654,-0.6225233802767695,-0.5921844316481012,44.078155683518986,-0.9842921988050296,-0.43724375452946723,-0.5296619738302508,44.70338026169749,-0.9448334437374143,-0.2724557453226099,-0.42391488821976214,45.760851117802375,0.044947723069444445,0.14436252298611113,0.11368075793055554,0.25,0.31,2019-07,2019-07-01
2019-08,-0.011891927870503582,0.037575181588489215,0.030611245100719414,0.10071942446043167,-0.1800626319718876,-0.5335797943860315,-0.32587086430474593,46.741291356952544,-0.5760715795963068,-0.8905934230687511,-0.6030644702267801,43.9693552977322,-0.42476137033210976,-0.6594595087199776,-0.42563855812352963,45.74361441876471,-0.5202756246077057,-0.637817936651072,-0.2809441244808036,47.190558755191965,-0.05925846636231891,-0.008709072927536199,0.01964484913043482,0.11594202898550726,0.12,2019-08,2019-08-01
2019-09,-0.1138258354639175,-0.038951898190721645,-0.0398096939484536,0.09278350515463915,-1.2238063342953325,-0.7060518854291701,-0.3547799856078062,46.452200143921935,-1.176389162074174,-0.9411501544786486,-0.6225233802767695,43.7747661972323,-1.023238227591677,-0.8107639322429389,-0.43724375452946723,45.62756245470533,-0.5702266347759692,-0.6784452343736965,-0.2724557453226099,47.2754425467739,-0.06197097404819274,-0.019566120536144593,-0.03122510056626504,0.048192771084337366,-0.27,2019-09,2019-09-01
2019-10,-0.1411189746455696,-0.061934992841772174,-0.07446019827848105,0.0,-1.4350765455716263,-0.9463151706129489,-0.5335797943860315,44.664202056139686,-1.3067416155630451,-1.019734119077842,-0.8905934230687511,41.09406576931249,-1.2756348712080017,-0.9078781563772628,-0.6594595087199776,43.40540491280022,-1.259474667903982,-0.7833256424292191,-0.637817936651072,43.62182063348928,-0.011891927870503582,0.037575181588489215,0.030611245100719414,0.10071942446043167,0.02,2019-10,2019-10-01
2019-11,-0.06138079450877193,0.04112403978947374,0.05550885726315788,0.08771929824561403,-0.5873914511327322,-1.0820914436665636,-0.7060518854291701,42.9394811457083,-0.4389751088204881,-0.9740352954859025,-0.9411501544786486,40.58849845521351,-0.11495521668047284,-0.8046094384933838,-0.8107639322429389,41.89236067757061,-0.5489007339134485,-0.7928673455311332,-0.6784452343736965,43.215547656263034,-0.1138258354639175,-0.038951898190721645,-0.0398096939484536,0.09278350515463915,0.14,2019-11,2019-11-01
2019-12,-0.012289133904761884,0.1011617354452381,0.09666360523809522,0.07142857142857142,-0.06677311028485033,-0.6964137023297363,-0.9463151706129489,40.53684829387051,0.06741522770378644,-0.5594338322265823,-1.019734119077842,39.80265880922158,0.25396601681914616,-0.37887469035644283,-0.9078781563772628,40.92121843622737,-0.6649141196019933,-0.8244298404731415,-0.7833256424292191,42.16674357570781,-0.1411189746455696,-0.061934992841772174,-0.07446019827848105,0.0,0.34,2019-12,2019-12-01
2020-01,-0.05031660226666665,-0.0066932444933333335,-0.001727594506666652,0.06666666666666668,-0.4671853580890953,-0.37378330650222596,-1.0820914436665636,39.17908556333437,-0.8368623157486108,-0.4028073989551042,-0.9740352954859025,40.25964704514097,-0.6380005431137648,-0.1663299143250305,-0.8046094384933838,41.95390561506616,-0.6879366177153331,-0.633917157076925,-0.7928673455311332,42.07132654468867,-0.06138079450877193,0.04112403978947374,0.05550885726315788,0.08771929824561403,0.39,2020-01,2020-01-01
2020-02,-0.18880561863265308,-0.21073621751020408,-0.19412662806122447,-0.1836734693877551,-1.8412527704797907,-0.7917370796179122,-0.6964137023297363,43.03586297670264,-2.332724475892751,-1.0340571879791918,-0.5594338322265823,44.40566167773418,-2.202479408433154,-0.8621713115759242,-0.37887469035644283,46.21125309643557,-2.438072988374503,-1.2636412418972764,-0.8244298404731415,41.75570159526858,-0.012289133904761884,0.1011617354452381,0.09666360523809522,0.07142857142857142,0.28,2020-02,2020-02-01
2020-03,-0.11406966354999998,-0.04519718175624998,-0.08863774020000001,0.012499999999999983,-1.0279595517253268,-1.112132560098071,-0.37378330650222596,46.26216693497774,-0.9822390875469935,-1.3839419597294516,-0.4028073989551042,45.97192601044896,-1.2378300213824096,-1.3594366576431094,-0.1663299143250305,48.336700856749694,-0.937493609598351,-1.3545010718960624,-0.633917157076925,43.66082842923075,-0.05031660226666665,-0.0066932444933333335,-0.001727594506666652,0.06666666666666668,0.1,2020-03,2020-03-01
2020-04,-0.1726014208607595,-0.15185542789240503,-0.19958642048101263,-0.08860759493670883,-1.5582839413181935,-1.4758320878411038,-0.7917370796179122,42.08262920382088,-1.7278225330074632,-1.6809286988157357,-1.0340571879791918,39.659428120208084,-2.0288615928952494,-1.8230570075702708,-0.8621713115759242,41.37828688424076,-1.6103159814153893,-1.661960859796081,-1.2636412418972764,37.36358758102723,-0.18880561863265308,-0.21073621751020408,-0.19412662806122447,-0.1836734693877551,0.08,2020-04,2020-04-01
2020-05,-0.20740621019672129,-0.1633785005934426,-0.14845331040983606,-0.06557377049180327,-1.7990489256237787,-1.4617641395557663,-1.112132560098071,38.87867439901929,-1.7159442609574027,-1.4753352938372863,-1.3839419597294516,36.160580402705484,-1.5341849601853632,-1.600292191487674,-1.3594366576431094,36.40563342356891,-1.3828269491990108,-1.310212180070917,-1.3545010718960624,36.454989281039374,-0.11406966354999998,-0.04519718175624998,-0.08863774020000001,0.012499999999999983,0.07,2020-05,2020-05-01
2020-06,-0.218100814,-0.1952365209918033,-0.09424759603278685,-0.06557377049180327,-1.7940828223100749,-1.7171385630840155,-1.4758320878411038,35.24167912158896,-1.8373753447221755,-1.7603807128956805,-1.6809286988157357,33.19071301184265,-1.0675557102742628,-1.5435340877849584,-1.8230570075702708,31.76942992429729,-1.3310233789360109,-1.441388769850137,-1.661960859796081,33.38039140203919,-0.1726014208607595,-0.15185542789240503,-0.19958642048101263,-0.08860759493670883,0.18,2020-06,2020-06-01
2020-07,-0.03304348737704918,0.06164866622459014,-0.003147819131147561,0.11475409836065575,-0.027215248975323895,-1.206782332303059,-1.4617641395557663,35.38235860444234,0.024426438673505847,-1.1762977223353575,-1.4753352938372863,35.24664706162714,-0.3331820002354166,-0.9783075568983475,-1.600292191487674,33.99707808512326,-0.04026805646307802,-0.9180394615326999,-1.310212180070917,36.89787819929083,-0.20740621019672129,-0.1633785005934426,-0.14845331040983606,-0.06557377049180327,-0.1,2020-07,2020-07-01
2020-08,-0.1756590712444445,-0.19059628721777772,-0.1756873160111111,-0.13333333333333333,-1.3556210219188871,-1.0589730310680954,-1.7171385630840155,32.828614369159844,-1.733347297729294,-1.1820987345926546,-1.7603807128956805,32.3961928710432,-1.6480836334705733,-1.0162737813267508,-1.5435340877849584,34.56465912215042,-1.7425399381554654,-1.0379437911848515,-1.441388769850137,35.58611230149863,-0.218100814,-0.1952365209918033,-0.09424759603278685,-0.06557377049180327,-0.05,2020-08,2020-08-01
2020-09,-0.22951513865833334,-0.24493380650833335,-0.23015102848333333,-0.16666666666666666,-1.7722104566804906,-1.0516822425249004,-1.206782332303059,37.932176676969405,-1.9871745632007425,-1.2320318074188437,-1.1762977223353575,38.23702277664643,-1.951333001714971,-1.310866211806987,-0.9783075568983475,40.21692443101652,-1.8646917539966457,-1.2158332495383963,-0.9180394615326999,40.819605384673,-0.03304348737704918,0.06164866622459014,-0.003147819131147561,0.11475409836065575,-0.05,2020-09,2020-09-01
2020-10,0.00020777148000000745,0.020759189000000067,0.03960439111999997,0.12,0.35588647797594936,-0.9239816668744761,-1.0589730310680954,39.410269689319044,-0.1632530792468549,-1.2945916467256307,-1.1820987345926546,38.17901265407345,0.1007271417922001,-1.1662298311311148,-1.0162737813267508,39.83726218673249,0.08667599990716907,-1.1735185640816475,-1.0379437911848515,39.62056208815149,-0.1756590712444445,-0.19059628721777772,-0.1756873160111111,-0.13333333333333333,0.07,2020-10,2020-10-01
2020-11,-0.0674724650588236,-0.03439840449999998,0.07810219217647058,0.08823529411764708,-0.27584860437357167,-0.5640575276927043,-1.0516822425249004,39.483177574751,-0.5379155011872013,-0.8961143812115996,-1.2320318074188437,37.679681925811565,0.3920857064847474,-0.4861733844793412,-1.310866211806987,36.89133788193013,-0.1307928902691641,-0.636269548119547,-1.2158332495383963,37.84166750461604,-0.22951513865833334,-0.24493380650833335,-0.23015102848333333,-0.16666666666666666,0.28,2020-11,2020-11-01
2020-12,0.08292134860465117,0.12851598648837215,0.09057550590697672,0.18604651162790695,1.1213674776562517,0.4004684504195431,-0.9239816668744761,40.760183331255234,0.5931786678570871,-0.03599663752565637,-1.2945916467256307,37.05408353274369,0.4823760719357614,0.3250629734042363,-1.1662298311311148,38.33770168868885,0.5435368731315973,0.1664733275898674,-1.1735185640816475,38.264814359183525,0.00020777148000000745,0.020759189000000067,0.03960439111999997,0.12,0.45,2020-12,2020-12-01
2021-01,0.11844788788709676,0.16775283375806452,0.17253650530645162,0.30645161290322576,1.4078530475643432,0.7511239736156744,-0.5640575276927043,44.359424723072955,0.8530948196811554,0.30278599545034707,-0.8961143812115996,41.03885618788401,1.0981003443767572,0.6575207075990886,-0.4861733844793412,45.13826615520659,1.3460703052968903,0.5862714293864412,-0.636269548119547,43.63730451880453,-0.0674724650588236,-0.03439840449999998,0.07810219217647058,0.08823529411764708,0.26,2021-01,2021-01-01
2021-02,0.0860283626862745,0.235392624,0.23997756821568628,0.2941176470588235,1.0785823996682782,1.2026009749629576,0.4004684504195431,54.00468450419543,1.292099417388235,0.9127909683088258,-0.03599663752565637,49.64003362474344,1.5636599315483422,1.0480454492869535,0.3250629734042363,53.25062973404236,1.2252645640742483,1.0382905808342453,0.1664733275898674,51.664733275898676,0.08292134860465117,0.12851598648837215,0.09057550590697672,0.18604651162790695,0.1,2021-02,2021-02-01
2021-03,0.08351754119000002,0.18819744136799998,0.1026364431,0.26,1.0317161882896904,1.1727172118407705,0.7511239736156744,57.511239736156746,0.9414928901370333,1.0288957090688078,0.30278599545034707,53.02785995450347,0.4996821067401258,1.053814127555075,0.6575207075990886,56.57520707599089,0.9685075072412027,1.1799474588707806,0.5862714293864412,55.862714293864414,0.11844788788709676,0.16775283375806452,0.17253650530645162,0.30645161290322576,0.08,2021-03,2021-03-01
2021-04,0.021044651074626886,0.0655530576059701,0.07475089340298507,0.17910447761194032,0.444235684734157,0.8515114242307086,1.2026009749629576,62.02600974962958,0.0792291996916537,0.7709405024056406,0.9127909683088258,59.12790968308826,0.2801006233739783,0.781147553887482,1.0480454492869535,60.480454492869534,0.4033972562997013,0.8657231092050507,1.0382905808342453,60.38290580834246,0.0860283626862745,0.235392624,0.23997756821568628,0.2941176470588235,0.13,2021-04,2021-04-01
2021-05,0.13313388916483518,0.24705937149450544,0.21039080563736268,0.28571428571428575,1.4488340105524868,0.974928627858778,1.1727172118407705,61.72717211840771,1.328413181447809,0.7830450904254986,1.0288957090688078,60.28895709068808,1.3055580278142265,0.6951135859761101,1.053814127555075,60.53814127555075,1.1215049177353233,0.8311365604254091,1.1799474588707806,61.79947458870781,0.08351754119000002,0.18819744136799998,0.1026364431,0.26,0.32,2021-05,2021-05-01
2021-06,-0.04814474423456788,0.018346168076543268,0.06439301049382717,0.14814814814814814,-0.23105082795314968,0.5540062891111647,0.8515114242307086,58.515114242307085,-0.27839656683287894,0.376415271435528,0.7709405024056406,57.70940502405641,0.16840995973037076,0.5846895369728584,0.781147553887482,57.81147553887482,0.16150600650494684,0.5621360601799905,0.8657231092050507,58.65723109205051,0.021044651074626886,0.0655530576059701,0.07475089340298507,0.17910447761194032,-0.16,2021-06,2021-06-01
2021-07,0.04640781892857143,0.13862730396428571,0.07132139278571425,0.13095238095238093,0.6459308813530669,0.6212380213174681,0.974928627858778,59.74928627858778,0.568838095885535,0.5396182368334884,0.7830450904254986,57.83045090425499,0.2205733541787699,0.564847113907789,0.6951135859761101,56.9511358597611,0.04011215943515764,0.44104102789180916,0.8311365604254091,58.31136560425409,0.13313388916483518,0.24705937149450544,0.21039080563736268,0.28571428571428575,0.08,2021-07,2021-07-01
2021-08,0.07505341160256412,0.1215269209358974,0.13110380160256407,0.1794871794871795,0.8998939340086253,0.4382579958028474,0.5540062891111647,55.540062891111646,0.441408238737967,0.24394992259687434,0.376415271435528,53.764152714355276,0.6848977509626948,0.35796035495727835,0.5846895369728584,55.846895369728585,0.38089949074520363,0.19417255222843596,0.5621360601799905,55.62136060179991,-0.04814474423456788,0.018346168076543268,0.06439301049382717,0.14814814814814814,0.03,2021-08,2021-08-01
2021-09,0.08940562859722218,0.21535742060138885,0.18055451106944445,0.2777777777777778,1.0153710505648608,0.8537319553088509,0.6212380213174681,56.21238021317468,1.0945669302637502,0.7016044216290841,0.5396182368334884,55.396182368334884,1.057326428833114,0.6542658446581928,0.564847113907789,55.64847113907789,1.0634081327049691,0.4948065942951101,0.44104102789180916,54.41041027891809,0.04640781892857143,0.13862730396428571,0.07132139278571425,0.13095238095238093,-0.04,2021-09,2021-09-01
2021-10,0.1620895112474227,0.2995200171597937,0.341177435257732,0.4329896907216495,1.6415664527323268,1.1856104791019375,0.4382579958028474,54.38257995802847,1.640493593853772,1.0588229209518296,0.24394992259687434,52.439499225968746,2.2040609804761946,1.3154283867573344,0.35796035495727835,53.57960354957278,2.064375477819363,1.1695610337565119,0.19417255222843596,51.94172552228436,0.07505341160256412,0.1215269209358974,0.13110380160256407,0.1794871794871795,0.12,2021-10,2021-10-01
2021-11,0.19020656041509434,0.282961083,0.26543811376415094,0.39622641509433965,1.8251901661893326,1.4940425564955067,0.8537319553088509,58.53731955308851,1.4782615555029686,1.40444069320683,0.7016044216290841,57.016044216290844,1.5718989525723153,1.611095453960541,0.6542658446581928,56.542658446581925,1.7415534903360097,1.6231123669534473,0.4948065942951101,54.948065942951104,0.08940562859722218,0.21535742060138885,0.18055451106944445,0.2777777777777778,0.37,2021-11,2021-11-01
2021-12,0.1792396087808219,0.3146701939315068,0.3261503065616438,0.3561643835616438,1.666039842131747,1.7109321536844686,1.1856104791019375,61.856104791019376,1.6423862899371031,1.5870471464312812,1.0588229209518296,60.588229209518296,1.9405697681244856,1.9055099003909985,1.3154283867573344,63.15428386757334,1.428954551809819,1.7449611733217305,1.1695610337565119,61.69561033756512,0.1620895112474227,0.2995200171597937,0.341177435257732,0.4329896907216495,0.57,2021-12,2021-12-01
2022-01,0.2119591828219178,0.4032310947260275,0.3517332335753425,0.4794520547945205,1.8774818349055673,1.7895706144088823,1.4940425564955067,64.94042556495506,2.137334742868443,1.752660862769505,1.40444069320683,64.0444069320683,2.029472732852613,1.8473138178498045,1.611095453960541,66.11095453960542,2.142289094907134,1.770932379017654,1.6231123669534473,66.23112366953447,0.19020656041509434,0.282961083,0.26543811376415094,0.39622641509433965,0.56,2022-01,2022-01-01
2022-02,0.20019377740350877,0.294658428122807,0.2755653060701755,0.40350877192982454,1.7132981993884386,1.7522732921419177,1.7109321536844686,67.10932153684469,1.3796996249429467,1.7198068859161644,1.5870471464312812,65.87047146431281,1.4462758482440325,1.805439449740377,1.9055099003909985,69.05509900390999,1.5977100313866504,1.7229845593678679,1.7449611733217305,67.44961173321731,0.1792396087808219,0.3146701939315068,0.3261503065616438,0.3561643835616438,-0.02,2022-02,2022-02-01
2022-03,0.29414683293125005,0.42804825006875,0.399415132625,0.54375,2.3689817991642634,1.9865872778194233,1.7895706144088823,67.89570614408882,2.1473446311386497,1.8881263329833466,1.752660862769505,67.52660862769505,2.200620894927733,1.8921231586747929,1.8473138178498045,68.47313817849805,2.3509413733131637,2.0303134998689827,1.770932379017654,67.70932379017654,0.2119591828219178,0.4032310947260275,0.3517332335753425,0.4794520547945205,0.66,2022-03,2022-03-01
2022-04,0.40688709903649634,0.5665007815109488,0.5167811252408759,0.5912408759124088,3.000503217738971,2.360927738763891,1.7522732921419177,67.52273292141918,2.7951377611903063,2.107394005757301,1.7198068859161644,67.19806885916165,2.7709667513149565,2.139287831495574,1.805439449740377,68.05439449740376,2.47787226655162,2.1421745570838113,1.7229845593678679,67.22984559367868,0.20019377740350877,0.294658428122807,0.2755653060701755,0.40350877192982454,0.95,2022-04,2022-04-01
2022-05,0.27434358393251534,0.38770873832822084,0.3801135852944786,0.5153374233128835,1.9163335843459885,2.4286062004164077,1.9865872778194233,69.86587277819423,1.6711370727346175,2.204539821687858,1.8881263329833466,68.88126332983347,1.8276587521045962,2.266415466115762,1.8921231586747929,68.92123158674792,1.95136163643912,2.2600584254346345,2.0303134998689827,70.30313499868983,0.29414683293125005,0.42804825006875,0.399415132625,0.54375,0.4,2022-05,2022-05-01
2022-06,0.31283592120526316,0.4730264649578948,0.4601122029789473,0.5368421052631579,2.1020261629068195,2.339620988330593,2.360927738763891,73.60927738763891,2.077015468570025,2.181096767498316,2.107394005757301,71.07394005757301,2.213837454801172,2.270820986073575,2.139287831495574,71.39287831495574,1.988565558966288,2.1392664873190093,2.1421745570838113,71.42174557083811,0.40688709903649634,0.5665007815109488,0.5167811252408759,0.5912408759124088,0.61,2022-06,2022-06-01
2022-07,0.3642255908047337,0.4517176978846154,0.4636256850887574,0.5443786982248521,2.3395435804496443,2.1193011092341507,2.4286062004164077,74.28606200416408,1.8826817200176764,1.8769447537741062,2.204539821687858,72.04539821687858,2.13327805134643,2.058258086084066,2.266415466115762,72.66415466115762,1.9507106009558755,1.9635459321204278,2.2600584254346345,72.60058425434634,0.27434358393251534,0.38770873832822084,0.3801135852944786,0.5153374233128835,0.64,2022-07,2022-07-01
2022-08,0.3934041990515464,0.4779795102164948,0.415980588927835,0.5979381443298969,2.401585053780955,2.281051599045806,2.339620988330593,73.39620988330593,1.95112321964713,1.9702734694116104,2.181096767498316,71.81096767498316,1.791114674173829,2.0460767267738107,2.270820986073575,72.70820986073575,2.1403229985203094,2.0265330528141576,2.1392664873190093,71.39266487319009,0.31283592120526316,0.4730264649578948,0.4601122029789473,0.5368421052631579,-0.21,2022-08,2022-08-01
2022-09,0.4320718841869159,0.5178361236261683,0.548597273775701,0.6074766355140186,2.5034637825201562,2.414864138916918,2.1193011092341507,71.19301109234151,2.077357766356937,1.9703875686739145,1.8769447537741062,68.76944753774106,2.415520322208625,2.1133043492429615,2.058258086084066,70.58258086084066,2.09668528216731,2.0625729605478313,1.9635459321204278,69.63545932120428,0.3642255908047337,0.4517176978846154,0.4636256850887574,0.5443786982248521,1.17,2022-09,2022-09-01
2022-10,0.39986064968749996,0.48179263491249996,0.47811222905000006,0.5875,2.1942328182432878,2.366427218181466,2.281051599045806,72.81051599045806,1.8224972360651435,1.9503260740230701,1.9702734694116104,69.7027346941161,1.9498376431121782,2.052157546498211,2.0460767267738107,70.4607672677381,1.9215887139582548,2.0528656648819577,2.0265330528141576,70.26533052814158,0.3934041990515464,0.4779795102164948,0.415980588927835,0.5979381443298969,-0.11,2022-10,2022-10-01
2022-11,0.21976864975000002,0.34079266783653844,0.2937744433076923,0.36538461538461536,1.0684479758825167,1.92204819221532,2.414864138916918,74.14864138916919,1.0696781544906908,1.656511052304257,1.9703875686739145,69.70387568673914,0.9397044933848705,1.7683541529018914,2.1133043492429615,71.13304349242961,0.7997256958136568,1.605999897313074,2.0625729605478313,70.62572960547831,0.4320718841869159,0.5178361236261683,0.548597273775701,0.6074766355140186,0.09,2022-11,2022-11-01
2022-12,0.1482349291785714,0.14151527144642856,0.1650255473035715,0.16071428571428573,0.6223700071905892,1.295016933772131,2.366427218181466,73.66427218181465,0.031584752948165803,0.9745867145013333,1.9503260740230701,69.5032607402307,0.2411736074661727,1.0435719146544071,2.052157546498211,70.5215754649821,-0.22588906255901456,0.8318084490709657,2.0528656648819577,70.52865664881958,0.39986064968749996,0.48179263491249996,0.47811222905000006,0.5875,0.66,2022-12,2022-12-01
2023-01,0.028097689194915232,-0.030210735949152523,-0.032112611254237255,0.06779661016949154,-0.11855741844211296,0.5240868548769974,1.92204819221532,69.2204819221532,-0.8585378723168415,0.08090834504067168,1.656511052304257,66.56511052304256,-0.8229543686937867,0.11930791071908549,1.7683541529018914,67.68354152901891,-0.6882047658928978,-0.03812271087941851,1.605999897313074,66.05999897313075,0.21976864975000002,0.34079266783653844,0.2937744433076923,0.36538461538461536,0.34,2023-01,2023-01-01
2023-02,0.15085829497959186,0.16788191489115648,0.1746114952721088,0.2653061224489796,0.6385131966355662,0.38077526179468046,1.295016933772131,62.950169337721306,0.18154989659698048,-0.2151344075905651,0.9745867145013333,59.745867145013335,0.3038283298242279,-0.09265081046779537,1.0435719146544071,60.43571914654407,0.3117249090252464,-0.20078963980888864,0.8318084490709657,58.31808449070966,0.1482349291785714,0.14151527144642856,0.1650255473035715,0.16071428571428573,0.16,2023-02,2023-02-01
2023-03,0.0945439828503937,0.11025107910236223,0.08448257488976377,0.16535433070866143,0.28457655732064174,0.2681774451713647,0.5240868548769974,55.240868548769974,-0.12270164811208825,-0.2665632079439831,0.08090834504067168,50.80908345040672,-0.19035112730321183,-0.23649238872425685,0.11930791071908549,51.193079107190854,-0.19744597422280236,-0.1913086103634846,-0.03812271087941851,49.618772891205815,0.028097689194915232,-0.030210735949152523,-0.032112611254237255,0.06779661016949154,0.18,2023-03,2023-03-01
2023-04,0.04300197797692307,0.03987823991923073,0.004293975992307686,0.14615384615384616,-0.03924734287566406,0.29461413702684763,0.38077526179468046,53.807752617946804,-0.4936567071878869,-0.14493615290099823,-0.2151344075905651,47.84865592409435,-0.6281913664515809,-0.17157138797685492,-0.09265081046779537,49.07349189532204,-0.29399687725582085,-0.05990598081779227,-0.20078963980888864,47.99210360191111,0.15085829497959186,0.16788191489115648,0.1746114952721088,0.2653061224489796,0.33,2023-04,2023-04-01
2023-05,0.07152067237795273,0.03284939369291334,0.0380183202047244,0.09448818897637792,0.14037497043745067,0.12856806162747583,0.2681774451713647,52.68177445171365,-0.5267037114849907,-0.381020688928322,-0.2665632079439831,47.33436792056017,-0.4370975786455698,-0.4185466908001208,-0.23649238872425685,47.63507611275743,-0.5564696397647415,-0.3493041637477883,-0.1913086103634846,48.086913896365154,0.0945439828503937,0.11025107910236223,0.08448257488976377,0.16535433070866143,0.09,2023-05,2023-05-01
2023-06,0.08647229273913049,0.0889142148826087,0.10235561985217392,0.19130434782608693,0.2340448721249755,0.11172416656225374,0.29461413702684763,52.94614137026848,-0.2230587279229486,-0.4144730488652755,-0.14493615290099823,48.550638470990016,-0.07681587039404054,-0.3807016051637304,-0.17157138797685492,48.28428612023145,-0.05244087218547638,-0.30096912973534623,-0.05990598081779227,49.40094019182208,0.04300197797692307,0.03987823991923073,0.004293975992307686,0.14615384615384616,0.14,2023-06,2023-06-01
2023-07,-0.05503317385964912,-0.12118486802017547,-0.11683747065789468,-0.09649122807017546,-0.6676304982180175,-0.09773688521853073,0.12856806162747583,51.28568061627476,-1.3368132916820659,-0.6955252436966685,-0.381020688928322,46.18979311071678,-1.2874159979064057,-0.6004431489820053,-0.4185466908001208,45.81453309199879,-1.5248283914528653,-0.711246301134361,-0.3493041637477883,46.50695836252212,0.07152067237795273,0.03284939369291334,0.0380183202047244,0.09448818897637792,0.21,2023-07,2023-07-01
2023-08,0.18653714624025972,0.22963082840259744,0.19283910121428569,0.3571428571428571,0.8781617065772678,0.14819202682807497,0.11172416656225374,51.11724166562254,0.5503875240688362,-0.3364948318453928,-0.4144730488652755,45.855269511347245,0.4444967053990508,-0.3065783876337986,-0.3807016051637304,46.192983948362695,0.8201025323339913,-0.25238891043478345,-0.30096912973534623,46.99030870264654,0.08647229273913049,0.0889142148826087,0.10235561985217392,0.19130434782608693,-0.02,2023-08,2023-08-01
2023-09,0.16744847745535718,0.1792137895535714,0.20506935052678574,0.21428571428571427,0.747359724821942,0.31929697772706384,-0.09773688521853073,49.02263114781469,0.2752973097479533,-0.17037615262175884,-0.6955252436966685,43.04474756303331,0.5092213372966639,-0.11123265173689707,-0.6004431489820053,43.99556851017995,0.07666883725151903,-0.20935234062245164,-0.711246301134361,42.88753698865639,-0.05503317385964912,-0.12118486802017547,-0.11683747065789468,-0.09649122807017546,0.19,2023-09,2023-09-01
2023-10,0.19165447220547946,0.28646574875342457,0.2631687212808219,0.34246575342465757,0.8935083467886809,0.8396765927292966,0.14819202682807497,51.48192026828075,0.8504406228024907,0.55870848553976,-0.3364948318453928,46.635051681546074,0.8290753145628776,0.5942644524195307,-0.3065783876337986,46.93421612366201,0.7402492539646958,0.545673541183402,-0.25238891043478345,47.47611089565216,0.18653714624025972,0.22963082840259744,0.19283910121428569,0.3571428571428571,0.17,2023-10,2023-10-01
2023-11,0.023598421141666687,0.007995474441666761,0.025971230083333352,0.08333333333333334,-0.19393179033898447,0.48231209375721246,0.31929697772706384,53.19296977727064,-0.6641772430300027,0.15385356317348042,-0.17037615262175884,48.29623847378241,-0.5124609977401302,0.27527855137313706,-0.11123265173689707,48.88767348263103,-0.6148439093706572,0.06735806061518586,-0.20935234062245164,47.90647659377548,0.16744847745535718,0.1792137895535714,0.20506935052678574,0.21428571428571427,0.38,2023-11,2023-11-01
2023-12,0.0769607871231884,0.08185089613043478,0.06586299787681157,0.1811594202898551,0.1529404301713115,0.284172328873669,0.8396765927292966,58.39676592729297,-0.25769018770936974,-0.023808935978960628,0.55870848553976,55.5870848553976,-0.28316381972531723,0.011150165699143363,0.5942644524195307,55.94264452419531,-0.0985639212908438,0.00894714110106492,0.545673541183402,55.45673541183402,0.19165447220547946,0.28646574875342457,0.2631687212808219,0.34246575342465757,0.41,2023-12,2023-12-01
2024-01,0.06518694259354835,0.07234573771612901,0.08012321318709678,0.12903225806451613,0.07524698755565047,0.011418542462658873,0.48231209375721246,54.82312093757213,-0.308013539066944,-0.40996032326877224,0.15385356317348042,51.5385356317348,-0.200119690823505,-0.3319148360963175,0.27527855137313706,52.75278551373137,-0.3724539023252095,-0.3619539109955701,0.06735806061518586,50.67358060615186,0.023598421141666687,0.007995474441666761,0.025971230083333352,0.08333333333333334,0.04,2024-01,2024-01-01
2024-02,0.08944388794545449,0.05744993616363636,0.07533374868181822,0.16363636363636364,0.23385131247770705,0.1540129100682227,0.284172328873669,52.84172328873669,-0.3878819082580552,-0.3178618783447897,-0.023808935978960628,49.761910640210395,-0.2262985126372167,-0.236527341062013,0.011150165699143363,50.111501656991436,-0.18672338691715112,-0.2192470701777348,0.00894714110106492,50.08947141101065,0.0769607871231884,0.08185089613043478,0.06586299787681157,0.1811594202898551,0.37,2024-02,2024-02-01
2024-03,0.1678126526896552,0.2022896638189655,0.17030296429310343,0.31034482758620685,0.7470747745921257,0.3520576915418274,0.011418542462658873,50.11418542462659,0.41650710778980105,-0.09312944651173272,-0.40996032326877224,45.90039676731228,0.3226018405579913,-0.034605454300910186,-0.3319148360963175,46.680851639036824,0.5955320524319972,0.012118254396545533,-0.3619539109955701,46.3804608900443,0.06518694259354835,0.07234573771612901,0.08012321318709678,0.12903225806451613,0.52,2024-03,2024-03-01
2024-04,0.19049961359999998,0.303481494808,0.27177213136,0.39199999999999996,0.8884991870022424,0.6231417580240247,0.1540129100682227,51.54012910068223,0.9719679955327617,0.3335310650215025,-0.3178618783447897,46.821381216552105,0.9046631089672272,0.3336554789626673,-0.236527341062013,47.634726589379866,1.0226826090398813,0.4771637581849091,-0.2192470701777348,47.807529298222654,0.08944388794545449,0.05744993616363636,0.07533374868181822,0.16363636363636364,0.25,2024-04,2024-04-01
2024-05,0.051319115187500014,0.05128864181250001,0.022992975500000012,0.1875,-0.03894266694356626,0.5322104315502669,0.3520576915418274,53.520576915418275,-0.4381930617076,0.3167606805383209,-0.09312944651173272,49.068705534882675,-0.5441439110019891,0.22770701284107644,-0.034605454300910186,49.6539454569909,-0.07801775346201023,0.5133989693366227,0.012118254396545533,50.12118254396545,0.1678126526896552,0.2022896638189655,0.17030296429310343,0.31034482758620685,-0.03,2024-05,2024-05-01
2024-06,0.06943856239495799,0.07801396534117652,0.08055513472268905,0.17647058823529413,0.08207296100672017,0.3105431603551318,0.6231417580240247,56.23141758024025,-0.2859072749064245,0.08262255297291238,0.3335310650215025,53.33531065021502,-0.2052992655182866,0.051739977482317144,0.3336554789626673,53.336554789626675,-0.1369526759347758,0.269237393214365,0.4771637581849091,54.77163758184909,0.19049961359999998,0.303481494808,0.27177213136,0.39199999999999996,-0.08,2024-06,2024-06-01
2024-07,-0.12237486254210528,-0.049728710348421024,-0.07479761310526317,0.02105263157894738,-1.1945993818594325,-0.3838230292654265,0.5322104315502669,55.32210431550267,-0.9974981305243489,-0.5738661557127911,0.3167606805383209,53.16760680538321,-1.107164157956975,-0.618869111492417,0.22770701284107644,52.27707012841076,-0.9726593899659444,-0.39587660645424355,0.5133989693366227,55.133989693366225,0.051319115187500014,0.05128864181250001,0.022992975500000012,0.1875,-0.18,2024-07,2024-07-01
2024-08,-0.1229565909858491,-0.06358993204339619,-0.1454472324716981,-0.05660377358490565,-1.1820427501948159,-0.7648563903491764,0.3105431603551318,53.10543160355132,-1.0628622552041664,-0.7820892202116466,0.08262255297291238,50.82622552972912,-1.4949042484905926,-0.9357892239886181,0.051739977482317144,50.51739977482317,-1.372713514493944,-0.8274418601315547,0.269237393214365,52.69237393214365,0.06943856239495799,0.07801396534117652,0.08055513472268905,0.17647058823529413,-0.03,2024-08,2024-08-01
2024-09,-0.1475366535952381,-0.17234543326904764,-0.16362946579761903,-0.14285714285714288,-1.3258944738000877,-1.2341788686181123,-0.3838230292654265,46.161769707345734,-1.6426347277256637,-1.2343317044847264,-0.5738661557127911,44.26133844287209,-1.5695882381270687,-1.390552214858212,-0.618869111492417,43.81130888507583,-1.7958030692621518,-1.3803919912406801,-0.39587660645424355,46.04123393545756,-0.12237486254210528,-0.049728710348421024,-0.07479761310526317,0.02105263157894738,-0.12,2024-09,2024-09-01
2024-10,-0.23412238164705887,-0.22939674807254903,-0.20826328759803922,-0.16666666666666666,-1.8564207084813265,-1.454785977492077,-0.7648563903491764,42.35143609650824,-1.9104369769989622,-1.5386446533095974,-0.7820892202116466,42.17910779788353,-1.785014445678176,-1.616502310765279,-0.9357892239886181,40.64210776011382,-1.8740416966105207,-1.6808527601222056,-0.8274418601315547,41.725581398684454,-0.1229565909858491,-0.06358993204339619,-0.1454472324716981,-0.05660377358490565,0.08,2024-10,2024-10-01
2024-11,0.07291654682407409,0.13937993450925928,0.1565282090925926,0.26851851851851855,0.16476100940663638,-1.0058513909582596,-1.2341788686181123,37.658211313818875,0.12228698590700256,-1.143594906272541,-1.2343317044847264,37.65668295515273,0.30077655302510403,-1.0179420435933804,-1.390552214858212,36.09447785141788,0.41749988915799946,-1.084114958904891,-1.3803919912406801,36.1960800875932,-0.1475366535952381,-0.17234543326904764,-0.16362946579761903,-0.14285714285714288,0.3,2024-11,2024-11-01
2024-12,0.06194057811009168,0.17899841459633026,0.1389438294954128,0.27522935779816515,0.09158059783714527,-0.5333597004125152,-1.454785977492077,35.45214022507923,0.3398841408246189,-0.4827552834224469,-1.5386446533095974,34.61355346690402,0.19851467929416725,-0.42857440445296824,-1.616502310765279,33.834976892347214,0.45009285796394355,-0.33548298316285924,-1.6808527601222056,33.19147239877795,-0.23412238164705887,-0.22939674807254903,-0.20826328759803922,-0.16666666666666666,0.44,2024-12,2024-12-01
2025-01,0.019744094202127666,0.03428465614893619,0.06794281211702127,0.14893617021276595,-0.18832147564888477,0.022673377198298667,-1.0058513909582596,39.941486090417406,-0.4633514038661704,-0.00039342571151633016,-1.143594906272541,38.56405093727459,-0.21086196777101884,0.09614308818275082,-1.0179420435933804,39.82057956406619,-0.2204899176764576,0.21570094314849508,-1.084114958904891,39.15885041095109,0.07291654682407409,0.13937993450925928,0.1565282090925926,0.26851851851851855,-0.76,2025-01,2025-01-01
2025-02,0.03519735226063825,0.06881732679255317,0.031829768468085134,0.11702127659574471,-0.08443734746127149,-0.06039274175767062,-0.5333597004125152,44.66640299587485,-0.26859685745888034,-0.13068804016681063,-0.4827552834224469,45.17244716577553,-0.41815840178223146,-0.14350189675302769,-0.42857440445296824,45.71425595547032,-0.3887643984792546,-0.053053819397256285,-0.33548298316285924,46.64517016837141,0.06194057811009168,0.17899841459633026,0.1389438294954128,0.27522935779816515,-0.48,2025-02,2025-02-01
2025-03,0.005972554875000036,0.03279189521551723,0.033859155077586245,0.15517241379310345,-0.27951469589571887,-0.18409117300195868,0.022673377198298667,50.226733771982985,-0.4681739817562392,-0.4000407476937633,-0.00039342571151633016,49.99606574288484,-0.4038337669723449,-0.3442847121751984,0.09614308818275082,50.96143088182751,-0.18282990036860358,-0.26402807217477203,0.21570094314849508,52.15700943148495,0.019744094202127666,0.03428465614893619,0.06794281211702127,0.14893617021276595,1.65,2025-03,2025-03-01
2025-04,0.07128227121052633,0.1412672131894737,0.10211755181052629,0.21052631578947367,0.16128468406883528,-0.06755578642938531,-0.06039274175767062,49.396072582423294,0.14362510136061674,-0.19771524595150095,-0.13068804016681063,48.69311959833189,-0.0034932327629248164,-0.2751618005058338,-0.14350189675302769,48.564981032469724,0.11545540038008203,-0.15204629948925877,-0.053053819397256285,49.46946180602744,0.03519735226063825,0.06881732679255317,0.031829768468085134,0.11702127659574471,1.17,2025-04,2025-04-01
2025-05,-0.01363647928571432,-0.018948857114285705,-0.01225854289523809,0.07619047619047617,-0.4134486907789118,-0.17722623420193206,-0.18409117300195868,48.159088269980415,-0.7595827807963843,-0.36137722039733555,-0.4000407476937633,45.99959252306237,-0.6727708647290171,-0.3600326214880956,-0.3442847121751984,46.55715287824802,-0.6093782416576582,-0.2255842472153933,-0.26402807217477203,47.35971927825228,0.005972554875000036,0.03279189521551723,0.033859155077586245,0.15517241379310345,-0.37,2025-05,2025-05-01
2025-06,-0.1659652386666667,-0.2122057430111111,-0.17596300041666668,-0.16666666666666666,-1.4305464218321202,-0.5609034761807324,-0.06755578642938531,49.32444213570615,-1.8174739086648601,-0.8111438627002093,-0.19771524595150095,48.02284754048499,-1.6102137697960859,-0.7621592890960093,-0.2751618005058338,47.24838199494166,-1.886190254823642,-0.7933710320337394,-0.15204629948925877,48.47953700510741,0.07128227121052633,0.1412672131894737,0.10211755181052629,0.21052631578947367,0.19,2025-06,2025-06-01
2025-07,0.04412160629761905,0.05063583967857144,0.05642379778571424,0.08333333333333331,-0.004257833104340389,-0.6160843152384577,-0.17722623420193206,48.22773765798068,-0.33863142026287213,-0.9718960365747055,-0.36137722039733555,46.386227796026645,-0.2464920797691388,-0.8431589047647474,-0.3600326214880956,46.39967378511904,-0.539738470477896,-1.0117689889863988,-0.2255842472153933,47.74415752784607,-0.01363647928571432,-0.018948857114285705,-0.01225854289523809,0.07619047619047617,0.3,2025-07,2025-07-01
2025-08,-0.037414588699186985,-0.02504472109756095,-0.015262593853658551,0.1138211382113821,-0.5569827555283345,-0.6639290034882653,-0.5609034761807324,44.39096523819268,-0.7597752282014767,-0.9719601857097363,-0.8111438627002093,41.888561372997906,-0.6639760141532414,-0.8402272879061554,-0.7621592890960093,42.378407109039905,-0.3732453720513049,-0.9330580324509478,-0.7933710320337394,42.0662896796626,-0.1659652386666667,-0.2122057430111111,-0.17596300041666668,-0.16666666666666666,-0.08,2025-08,2025-08-01
2025-09,-0.03212700838188978,0.03448675958661421,0.0007802267480314651,0.1653543307086614,-0.5175149872804744,-0.35958519197105004,-0.6160843152384577,43.83915684761542,-0.42057169355280816,-0.506326114005719,-0.9718960365747055,40.28103963425295,-0.5654895920522456,-0.49198589532487524,-0.8431589047647474,41.56841095235252,-0.09373868809855214,-0.3355741768759178,-1.0117689889863988,39.88231011013601,0.04412160629761905,0.05063583967857144,0.05642379778571424,0.08333333333333331,0.21,2025-09,2025-09-01
2025-10,0.13526192829090908,0.29117395094,0.2665551761272727,0.4363636363636363,0.6286061665745382,-0.14863052541142388,-0.6639290034882653,43.360709965117344,1.0269248885932207,-0.05114067772035469,-0.9719601857097363,40.28039814290264,1.000009480518979,-0.07648537522883599,-0.8402272879061554,41.597727120938444,1.3615223860738084,0.29817944197465035,-0.9330580324509478,40.66941967549052,-0.037414588699186985,-0.02504472109756095,-0.015262593853658551,0.1138211382113821,0.28,2025-10,2025-10-01
